<?xml version="1.0" encoding="UTF-8" standalone="yes"?>
<addon id="repository.kodi4vn" name="Kodi4VN's REPO" version="1.2" provider-name="ThongLD">
	<extension point="xbmc.addon.repository" name="ThongLD's Addon Repository">
		<info compressed="false">https://googledrive.com/host/0B3wDfMBF1O42NExXQkkyUXhyTHM/addons.xml</info>
		<checksum>https://googledrive.com/host/0B3wDfMBF1O42NExXQkkyUXhyTHM/addons.xml.md5</checksum>
		<datadir zip="true">https://googledrive.com/host/0B3wDfMBF1O42NExXQkkyUXhyTHM/</datadir>
	</extension>
	<extension point="xbmc.addon.metadata">
		<summary>Install Kodi4VN Addons</summary>
		<description>Download and install addons from Kodi4VN's Repo Long Hong TV-Box (ViETViP) Edition 06.24.2015: Best addons for Vietnamese</description>
		<platform>all</platform>
	</extension>
</addon>