<?xml version="1.0" encoding="UTF-8" standalone="yes"?>
<addon id="plugin.video.itvplus"
       name="ITV Plus"
       version="1.1.1"
       provider-name="itv member">
  <requires>
    <import addon="xbmc.python" version="2.1.0" optional="true" />
	<import addon="script.module.simplejson" />
	<import addon="script.module.simple.downloader" version="1.9.4" />
  </requires>
  <extension point="xbmc.python.pluginsource" library="default.py">
        <provides>video</provides>
  </extension>
  <extension point="xbmc.addon.metadata">
    <summary>Entertainment</summary>
    <description>Giải trí trên kodi (xbmc) LH Edition 06.24.2015</description>
	<disclaimer lang="en">Nguồn data trên web nên chúng tôi không chịu trách nhiệm về sự ổn định.</disclaimer>
    <platform>all</platform>
  </extension>
</addon>