<?xml version="1.0" encoding="UTF-8" standalone="yes"?>
<addon
  id="plugin.video.htvonline"
  version="1.1.2"
  name="HTV Online"
  provider-name="thongld">
  <requires>
    <import addon="xbmc.python" version="2.1.0"/>
  </requires>
  <extension point="xbmc.python.pluginsource" library="default.py">
        <provides>video</provides>
  </extension>
  <extension point="xbmc.addon.metadata">
    <summary>HTV Online</summary>
    <description>Watch free HTVOnline.com.vn (Vietnamese) Channels (last updated) 01.23.2015 by Long Hong</description>
    <platform>all</platform>
  </extension>
</addon>