<?xml version="1.0" encoding="UTF-8" standalone="yes"?>
	<addon id="plugin.video.hme.xomgiaitri" version="1.5" name="*[COLOR teal]XomGiaiTri[/COLOR]" provider-name="HME">
		<requires>
			<import addon="xbmc.python" version="2.1.0"/>
		</requires>
		<extension point="xbmc.python.pluginsource" library="default.py">
			<provides>video</provides>
		</extension>
		<extension point="xbmc.addon.metadata">
			<summary>XomGiaiTri</summary>
			<description>Watch free xomgiaitri.com (Vietnamese) Videos - updates 09.08.16 (LH)</description>
			<platform>all</platform>
		</extension>
	</addon>