<?xml version="1.0" encoding="UTF-8" standalone="yes"?>
<addon
  id="plugin.video.kenh88"
  version="2.0.0"
  name="*[COLOR yellow]kenh88.com[/COLOR]"
  provider-name="Dknight">
  <requires>
        <import addon="xbmc.python" version="2.1.0" optional="true" />
		<import addon="script.module.beautifulsoup" version="3.0.8"/>
		<import addon="script.module.requests" version="1" />
		<import addon="script.module.simplejson" />
		<import addon="script.module.t0mm0.common" version="1.1.0"/>
		<import addon="script.module.framework" version="1.3"/>
		<import addon="script.module.urlresolver" version="2.1.2"/>
  </requires>
  <extension point="xbmc.python.pluginsource"
            library="default.py">
        <provides>video</provides>
  </extension>
  <extension point="xbmc.addon.metadata">
    <summary>kenh88</summary>
    <description>Watch kenh88.com(Vietnamese)Videos. last updated 02.28.18 by LH@HME</description>
    <platform>all</platform>
  </extension>
</addon>