<?xml version="1.0" encoding="UTF-8" standalone="yes"?>
<addon
  id="plugin.video.megafun"
  version="1.0.2"
  name="MegaFun.vn"
  provider-name="thongld">
  <requires>
    <import addon="xbmc.python" version="2.1.0"/>
  </requires>
  <extension point="xbmc.python.pluginsource" library="default.py">
        <provides>video</provides>
  </extension>
  <extension point="xbmc.addon.metadata">
    <summary>hayhaytv</summary>
    <description>Watch free megafun.vn (Vietnamese) Videos (last updated) 01.18.2015 by Long Hong</description>
    <platform>all</platform>
  </extension>
</addon>