<?xml version="1.0" encoding="UTF-8" standalone="yes"?>
<addon id="service.stalkerEpgUpdate"
    name="Stalker EPG Updater" version="1.0.7" provider-name="johoja">
  <requires>
    <import addon="xbmc.python" version="2.14.0"/>
  </requires>
  <extension point="xbmc.service" library="default.py" start="login"></extension>
  <extension point="xbmc.addon.metadata">
    <summary lang="en">update stalker</summary>
    <description lang="en">update stalker epg from epg.ninja and auto configures your stalker client or your Long Hong TV Box (04.04.16)</description>
    <platform>all</platform>
    <language>en</language>
    <license>GPL</license>
  </extension>
</addon>
