<?xml version="1.0" encoding="UTF-8" standalone="yes"?>
<addon id="plugin.video.cartoons8" name="*[COLOR darkturquoise][B]Cartoons8[/B][/COLOR]" version="1.0.6" provider-name="Vietnam-MK">
  <requires>
    <import addon="xbmc.python" version="2.1.0"/>
    <import addon="script.module.t0mm0.common" version="2.0.0"/>
  </requires>
  <extension point="xbmc.python.pluginsource" library="default.py">
        <provides>video</provides>
  </extension>
  <extension point="xbmc.addon.metadata">
    <summary lang="en">Cartoon for Kids who like cartoon-8</summary>
    <description lang="en"></description>
    <platform>all</platform>
  </extension>
</addon>
