<?xml version="1.1" encoding="UTF-8"?>
<addon id="plugin.video.Pac-12" version="1.3.11" name="*Pac-12 Pro" provider-name="LongHong">
    <requires>
        <import addon="xbmc.python" version="2.1.0"/>
		<import addon="script.module.simplejson" />
        <import addon="script.module.six" />
        <import addon="script.module.requests" />
        <import addon="script.module.livestreamer" />
        <import addon="script.module.pydevd" version="4.4.0" optional="true"/>
    </requires>
    <extension point="xbmc.python.pluginsource" library="default.py">
        <provides>video</provides>
    </extension>
	<extension point="xbmc.service" library="resources/lib/proxy_server.py" start="startup" />
    <extension point="xbmc.addon.metadata">
        <summary>Pac-12 Network and various (USA) Live TV channels. Last updated by LongHong 08.13.2017 @ 4:24PM.</summary>
        <description>Pac-12 Pro for Home Media Entertainments.</description>
        <platform>all</platform>
    </extension>
</addon>

