<?xml version="1.0" encoding="UTF-8" standalone="yes"?>
<addon id="plugin.video.playbox" name="PlayBox HD" version="0.0.6" provider-name="Mikey1234">
  <requires>
    <import addon="xbmc.python" version="2.1.0"/>
   <import addon="script.module.urlresolver" version="0.0.1"/>
  </requires>
  <extension point="xbmc.python.pluginsource" library="default.py">
        <provides>video</provides>
  </extension>
  <extension point="xbmc.addon.metadata">
    <summary lang="en">PlayBox HD</summary>
    <description lang="en">Watch All Your Favourite Movies Tv Shows Kids Cartoons With PlayBox HD</description>
    <platform>all</platform>
  </extension>
</addon>
