<?xml version="1.0" encoding="UTF-8" standalone="yes"?>
<addon
  id="plugin.video.kodi4vn.xixam"
  version="1.0.14"
  name="*[COLOR aqua]XiXam kodi4vn[/COLOR]"
  provider-name="thongld">
  <requires>
    <import addon="xbmc.python" version="2.1.0"/>
		<import addon="script.module.urlresolver" version="0.0.1"/>
  </requires>
  <extension point="xbmc.python.pluginsource" library="default.py">
        <provides>video</provides>
  </extension>
  <extension point="xbmc.addon.metadata">
    <summary>phim.xixam.com</summary>
    <description>Watch free phim.xixam.com (Vietnamese) Videos (last updated) 09.22.2015 (LH)</description>
    <platform>all</platform>
  </extension>
</addon>