<?xml version="1.0" encoding="UTF-8" standalone="yes"?>
<addon id="plugin.video.hme.xomgiaitri" version="1.6" name="*[COLOR teal]XomGiaiTri[/COLOR]" provider-name="HME">
	<requires>
		<import addon="xbmc.python" version="2.1.0"/>
	</requires>
	<extension point="xbmc.python.pluginsource" library="default.py">
		<provides>video</provides>
	</extension>
	<extension point="xbmc.addon.metadata">
		<summary>XomGiaiTri</summary>
		<description>Watch free xomgiaitri.com (Vietnamese) Videos - Last updates 02.12.17 (LH@hme)</description>
		<platform>all</platform>
	</extension>
</addon>