<?xml version="1.0" encoding="UTF-8" standalone="yes"?>
<addon
  id="plugin.video.megafun"
  version="1.1.9"
  name="*[COLOR lime]MegaFun[/COLOR]"
  provider-name="thongld">
  <requires>
    <import addon="xbmc.python" version="2.1.0"/>
  </requires>
  <extension point="xbmc.python.pluginsource" library="default.py">
        <provides>video</provides>
  </extension>
  <extension point="xbmc.addon.metadata">
    <summary>hayhaytv</summary>
    <description>Watch free megafun.vn (Vietnamese) Videos - LH Edition by 06.24.2015</description>
    <platform>all</platform>
  </extension>
</addon>