<?xml version="1.0" encoding="UTF-8" standalone="yes"?>
<addon id="plugin.video.vietmovie"
       name="VietMovie"
       version="1.2"
       provider-name="VietMusic">
	<requires>
		<import addon="xbmc.python" version="2.1.0" />
		<import addon="script.module.simple.downloader" version="1.9.4" />
	</requires>
    <extension point="xbmc.python.pluginsource"
               library="default.py">
        <provides>video</provides>
    </extension>
    <extension point="xbmc.addon.metadata">
        <platform>all</platform>
        <language>en</language>
		<summary lang="en">Viet Movie online</summary>
		<description lang="en">Add-on play Vietnamese Movie online  (last updated) 01.24.2015 by ViETViP (LH TV-Box)</description>
    </extension>
</addon>
