<?xml version="1.0" encoding="UTF-8" standalone="yes"?>
<addon
  id="plugin.video.viettv24"
  version="1.3.9"
  name="*[COLOR lime]VietTV24.com[/COLOR]"
  provider-name="thongld">
  <requires>
        <import addon="xbmc.python" version="2.1.0"/>
  </requires>
  <extension point="xbmc.python.pluginsource" library="default.py">
        <provides>video</provides>
  </extension>
  <extension point="xbmc.addon.metadata">
    <summary>VietTV24.com</summary>
    <description>Watch hundreds of Vietnamesse and English channels from viettv24.com - LH Edition 06.27.2015</description>
    <platform>all</platform>
  </extension>
</addon>