<?xml version="1.0" encoding="UTF-8" standalone="yes"?>
<addon
  id="plugin.video.megafun"
  version="1.2.0"
  name="*[COLOR lime]MegaFun.vn[/COLOR]"
  provider-name="thongld">
  <requires>
    <import addon="xbmc.python" version="2.1.0"/>
  </requires>
  <extension point="xbmc.python.pluginsource" library="default.py">
        <provides>video</provides>
  </extension>
  <extension point="xbmc.addon.metadata">
    <summary>MegaFun - View online HTV Vietnam TV with catchup CH capability.</summary>
    <description>Watch free megafun.vn (Vietnamese) Videos - Last updated 07.26.2015 (LH)</description>
    <platform>all</platform>
  </extension>
</addon>