﻿<?xml version="1.0" encoding="UTF-8" standalone="yes"?>
<addon id="plugin.video.stalker" name="IPTV Stalker" version="1.0.5" provider-name="esxbr">
    <requires>
		<import addon="xbmc.python" version="2.14.0"/>
	</requires>
	<extension point="xbmc.python.pluginsource" library="addon.py">
		<provides>video</provides>
	</extension>
	<extension point="xbmc.addon.metadata">
		<platform>all</platform>
		<summary lang="en">IPTV Stalker</summary>
		<description lang="en">IPTV Stalker</description>
		<license>GNU General Public License, v2</license>
		<language></language>
		<forum>https://github.com/esxbr/plugin.video.stalker</forum>
		<source>https://github.com/esxbr/plugin.video.stalker</source>
		<email>patrick.cabral@gmail.com</email>
	</extension>
</addon>
