<?xml version="1.0" encoding="UTF-8" standalone="yes"?>
<addon id="plugin.video.uktvnow" name="*[COLOR aqua][B]UKTV Now[/B][/COLOR]" version="1.0.6" provider-name="MetalKettle">
  <requires>
    <import addon="xbmc.python" version="2.1.0"/>
  </requires>
  <extension point="xbmc.python.pluginsource" library="default.py">
        <provides>video</provides>
  </extension>
  <extension point="xbmc.addon.metadata">
    <summary lang="en">UK and US Live HGTV - Last updated 01.17.2016 by Long Hong</summary>
    <description lang="en"></description>
    <platform>all</platform>
  </extension>
</addon>
