﻿<?xml version="1.0" encoding="UTF-8" standalone="yes"?>
<addon id="plugin.video.hme.kenh88" name="Kenh88 [COLOR aqua]HME[/COLOR]" version="1.3.13" provider-name="HME">
	<requires>
		<import addon="xbmc.python" version="2.7.0"/>
		<import addon="script.module.framework" version="1.3"/>
		<import addon="script.module.urlresolver" version="2.1.2"/>
	</requires>
	<extension point="xbmc.python.pluginsource" library="default.py">
		<provides>video</provides>
	</extension>
	<extension point="xbmc.addon.metadata">
		<summary lang="en">kenh88.com</summary>
		<description lang="en">Watch kenh88.com(Vietnamese)Videos - Last updated 05.20.2016 (LH)</description>
		<disclaimer lang="en"></disclaimer>
		<platform>all</platform>
	</extension>
</addon>
