<?xml version="1.0" encoding="UTF-8" standalone="yes"?>
<addon
  id="plugin.video.phim.xixam.com"
  version="1.0.9"
  name="Xi Xam"
  provider-name="thongld">
  <requires>
    <import addon="xbmc.python" version="2.1.0"/>
		<import addon="script.module.urlresolver" version="0.0.1"/>
  </requires>
  <extension point="xbmc.python.pluginsource" library="default.py">
        <provides>video</provides>
  </extension>
  <extension point="xbmc.addon.metadata">
    <summary>phim.xixam.com</summary>
    <description>Watch free phim.xixam.com (Vietnamese) Videos (last updated) 01.18.2015 by Long Hong</description>
    <platform>all</platform>
  </extension>
</addon>