<?xml version="1.0" encoding="UTF-8" standalone="yes"?>
<addon
  id="plugin.video.kodi4vn.vtvplus"
  version="1.0.5"
  name="VTV Plus kodi4vn"
  provider-name="thongld">
  <requires>
    <import addon="xbmc.python" version="2.1.0"/>
    <import addon="script.module.xbmcswift2" version="1.3.1" />
  </requires>
  <extension point="xbmc.python.pluginsource" library="default.py">
        <provides>video</provides>
  </extension>
  <extension point="xbmc.addon.metadata">
    <summary>VTV Plus Online</summary>
    <description>Watch vtvplus.vn (Vietnamese) Channels (VIP account required) - last updated 01.18.2015 by Long Hong</description>
    <platform>all</platform>
  </extension>
</addon>