<?xml version="1.0" encoding="UTF-8" standalone="yes"?>
<addon id="repository.kodi4vn" name="Kodi4VN's REPO" version="1.5" provider-name="LongHong">
	<extension point="xbmc.addon.repository" name="LongHong's Addon Repository">
		<info compressed="false">https://raw.githubusercontent.com/LongHongVan/MyKodi/master/addons.xml</info>
		<checksum>https://raw.githubusercontent.com/LongHongVan/MyKodi/master/addons.xml.md5</checksum>
		<datadir zip="true">https://raw.githubusercontent.com/LongHongVan/MyKodi/master/</datadir>
	</extension>
	<extension point="xbmc.addon.metadata">
		<summary>Install Kodi4VN Addons</summary>
		<description>Download and install addons from Kodi4VN's Repo Long Hong TV-Box (ViETViP) Edition 05.16.2018: Best addons for Vietnamese</description>
		<platform>all</platform>
	</extension>
</addon>