<?xml version="1.0" encoding="UTF-8" standalone="yes"?>
<addon
  id="plugin.video.xomgiaitri"
  version="1.2"
  name="*[COLOR lime]XomGiaiTri.com[/COLOR]"
  provider-name="V137">
  <requires>
    <import addon="xbmc.python" version="2.1.0"/>
  </requires>
  <extension point="xbmc.python.pluginsource" library="default.py">
        <provides>video</provides>
  </extension>
  <extension point="xbmc.addon.metadata">
    <summary>xomgiaitri.com</summary>
    <description>Watch free xomgiaitri.com (Vietnamese) Videos - upadted 02.23.16 (LH)</description>
    <platform>all</platform>
  </extension>
</addon>